Aダイヤ 武蔵小杉駅 上り時刻表,
5,各駅停車,各駅停車,急行,各駅停車,急行,各駅停車
,10,20,29,35,39,48
,元町・中華街,元町・中華街,元町・中華街,元町・中華街,海老名,元町・中華街
,1,1,1,1,1,1
6,各駅停車,各駅停車,急行,各駅停車,急行,各駅停車,各駅停車,各駅停車,急行,各駅停車,各駅停車,急行,各駅停車
,02,04,06,14,18,23,31,38,41,45,52,55,59
,元町・中華街,元町・中華街,元町・中華街,元町・中華街,元町・中華街,元町・中華街,元町・中華街,元町・中華街,元町・中華街,元町・中華街,元町・中華街,元町・中華街,元町・中華街
,1,1,1,1,1,1,1,1,1,1,1,1,1
7,各駅停車,急行,各駅停車,急行,各駅停車,急行,各駅停車,各駅停車,急行,各駅停車,各駅停車,急行,各駅停車,急行,各駅停車,各駅停車,通勤特急
,06,10,14,20,22,25,28,31,34,37,41,44,46,49,51,54,57
,元町・中華街,元町・中華街,元町・中華街,湘南台,元町・中華街,元町・中華街,元町・中華街,元町・中華街,元町・中華街,元町・中華街,元町・中華街,湘南台,元町・中華街,元町・中華街,元町・中華街,元町・中華街,元町・中華街
,1,1,1,1,1,1,1,1,1,1,1,1,1,1,1,1,1
8,各駅停車,急行,各駅停車,急行,各駅停車,通勤特急,各駅停車,急行,各駅停車,通勤特急,各駅停車,急行,急行,各駅停車,通勤特急,各駅停車,急行,通勤特急,各駅停車,急行
,01,04,06,09,11,13,16,21,23,27,31,33,36,38,41,44,48,50,52,59
,元町・中華街,元町・中華街,元町・中華街,湘南台,元町・中華街,元町・中華街,元町・中華街,元町・中華街,元町・中華街,元町・中華街,元町・中華街,湘南台,元町・中華街,元町・中華街,元町・中華街,元町・中華街,西谷,元町・中華街,元町・中華街,元町・中華街
,1,1,1,1,1,1,1,1,1,1,1,1,1,1,1,1,1,1,1,1
9,各駅停車,各駅停車,通勤特急,各駅停車,急行,特急,各駅停車,急行,各駅停車,急行,各駅停車,急行,特急,各駅停車,急行,各駅停車,急行,特急,各駅停車
,01,04,06,10,12,17,20,23,25,28,32,35,38,41,45,48,50,53,56
,元町・中華街,元町・中華街,元町・中華街,元町・中華街,大和,元町・中華街,元町・中華街,西谷,元町・中華街,元町・中華街,元町・中華街,湘南台,元町・中華街,元町・中華街,元町・中華街,元町・中華街,西谷,元町・中華街,元町・中華街
,1,1,1,1,1,1,1,1,1,1,1,1,1,1,1,1,1,1,1
10,急行,各駅停車,特急,各駅停車,各駅停車,特急,各駅停車,急行,各駅停車,急行,各駅停車,特急,急行,各駅停車,急行,特急,各駅停車
,00,03,09,12,18,24,26,30,33,35,37,39,45,48,51,53,56
,元町・中華街,元町・中華街,元町・中華街,元町・中華街,元町・中華街,元町・中華街,元町・中華街,元町・中華街,元町・中華街,西谷,元町・中華街,元町・中華街,元町・中華街,元町・中華街,湘南台,元町・中華街,元町・中華街
,1,1,1,1,1,1,1,1,1,1,1,1,1,1,1,1,1
11,急行,各駅停車,特急,各駅停車,急行,各駅停車,Ｆライナー,各駅停車,急行,各駅停車,特急,各駅停車,急行,各駅停車,Ｆライナー,各駅停車,急行
,00,03,08,11,15,18,23,26,30,33,38,41,45,48,53,56,59
,元町・中華街,元町・中華街,元町・中華街,元町・中華街,元町・中華街,元町・中華街,元町・中華街,元町・中華街,湘南台,元町・中華街,元町・中華街,元町・中華街,元町・中華街,元町・中華街,元町・中華街,元町・中華街,元町・中華街
,1,1,1,1,1,1,1,1,1,1,1,1,1,1,1,1,1
12,各駅停車,急行,Ｆライナー,各駅停車,急行,各駅停車,Ｆライナー,各駅停車,急行,各駅停車,急行,Ｆライナー,各駅停車,急行,各駅停車,Ｆライナー,各駅停車,急行
,03,05,08,11,15,18,23,26,29,33,35,38,41,45,48,53,56,59
,元町・中華街,湘南台,元町・中華街,元町・中華街,元町・中華街,元町・中華街,元町・中華街,元町・中華街,元町・中華街,元町・中華街,湘南台,元町・中華街,元町・中華街,元町・中華街,元町・中華街,元町・中華街,元町・中華街,元町・中華街
,1,1,1,1,1,1,1,1,1,1,1,1,1,1,1,1,1,1
13,各駅停車,急行,Ｆライナー,各駅停車,急行,各駅停車,Ｆライナー,各駅停車,急行,各駅停車,急行,Ｆライナー,各駅停車,急行,各駅停車,Ｆライナー,各駅停車,急行
,03,05,08,11,15,18,23,26,29,33,35,38,41,45,48,53,56,59
,元町・中華街,湘南台,元町・中華街,元町・中華街,元町・中華街,元町・中華街,元町・中華街,元町・中華街,元町・中華街,元町・中華街,湘南台,元町・中華街,元町・中華街,元町・中華街,元町・中華街,元町・中華街,元町・中華街,元町・中華街
,1,1,1,1,1,1,1,1,1,1,1,1,1,1,1,1,1,1
14,各駅停車,急行,Ｆライナー,各駅停車,急行,各駅停車,Ｆライナー,各駅停車,急行,各駅停車,急行,Ｆライナー,各駅停車,急行,各駅停車,Ｆライナー,各駅停車,急行
,03,05,08,11,15,18,23,26,29,33,35,38,41,45,48,53,56,59
,元町・中華街,湘南台,元町・中華街,元町・中華街,元町・中華街,元町・中華街,元町・中華街,元町・中華街,元町・中華街,元町・中華街,湘南台,元町・中華街,元町・中華街,元町・中華街,元町・中華街,元町・中華街,元町・中華街,元町・中華街
,1,1,1,1,1,1,1,1,1,1,1,1,1,1,1,1,1,1
15,各駅停車,急行,Ｆライナー,各駅停車,急行,各駅停車,Ｆライナー,各駅停車,急行,各駅停車,急行,Ｆライナー,各駅停車,急行,各駅停車,Ｆライナー,各駅停車,急行
,03,05,08,11,15,18,23,26,29,33,35,38,41,45,48,53,56,59
,元町・中華街,湘南台,元町・中華街,元町・中華街,元町・中華街,元町・中華街,元町・中華街,元町・中華街,元町・中華街,元町・中華街,湘南台,元町・中華街,元町・中華街,元町・中華街,元町・中華街,元町・中華街,元町・中華街,元町・中華街
,1,1,1,1,1,1,1,1,1,1,1,1,1,1,1,1,1,1
16,各駅停車,急行,Ｆライナー,各駅停車,急行,各駅停車,急行,各駅停車,急行,Ｆライナー,各駅停車,急行,各駅停車,特急,各駅停車,急行,各駅停車,Ｆライナー
,03,05,08,11,15,18,21,24,26,29,32,36,38,43,46,51,53,59
,元町・中華街,湘南台,元町・中華街,元町・中華街,元町・中華街,元町・中華街,元町・中華街,元町・中華街,湘南台,元町・中華街,元町・中華街,元町・中華街,元町・中華街,元町・中華街,元町・中華街,元町・中華街,元町・中華街,元町・中華街
,1,1,1,1,1,1,1,1,1,1,1,1,1,1,1,1,1,1
17,各駅停車,急行,各駅停車,急行,通勤特急,各駅停車,急行,急行,各駅停車,通勤特急,各駅停車,急行,各駅停車,急行,通勤特急,各駅停車,急行,各駅停車,急行
,02,06,09,13,15,19,22,25,27,30,34,38,40,43,45,49,53,55,58
,元町・中華街,元町・中華街,元町・中華街,湘南台,元町・中華街,元町・中華街,元町・中華街,西谷,元町・中華街,元町・中華街,元町・中華街,元町・中華街,元町・中華街,湘南台,元町・中華街,元町・中華街,元町・中華街,元町・中華街,湘南台
,1,1,1,1,1,1,1,1,1,1,1,1,1,1,1,1,1,1,1
18,通勤特急,各駅停車,急行,各駅停車,急行,通勤特急,各駅停車,急行,各駅停車,通勤特急,各駅停車,急行,各駅停車,急行,各駅停車,通勤特急,各駅停車,急行,各駅停車,急行
,00,03,07,10,13,15,19,23,26,30,34,38,40,42,44,46,49,51,55,57
,元町・中華街,元町・中華街,元町・中華街,元町・中華街,湘南台,元町・中華街,元町・中華街,元町・中華街,元町・中華街,元町・中華街,元町・中華街,元町・中華街,元町・中華街,湘南台,菊名,元町・中華街,元町・中華街,元町・中華街,元町・中華街,湘南台
,1,1,1,1,1,1,1,1,1,1,1,1,1,1,1,1,1,1,1,1
19,通勤特急,各駅停車,急行,各駅停車,急行,通勤特急,各駅停車,急行,各駅停車,急行,通勤特急,各駅停車,急行,各駅停車,急行,通勤特急,各駅停車,急行,各駅停車,急行
,02,04,08,10,13,15,19,23,25,28,30,33,37,40,43,45,49,53,55,58
,元町・中華街,元町・中華街,元町・中華街,元町・中華街,湘南台,元町・中華街,元町・中華街,元町・中華街,元町・中華街,湘南台,元町・中華街,元町・中華街,元町・中華街,元町・中華街,湘南台,元町・中華街,元町・中華街,元町・中華街,元町・中華街,湘南台
,1,1,1,1,1,1,1,1,1,1,1,1,1,1,1,1,1,1,1,1
20,通勤特急,各駅停車,急行,各駅停車,急行,通勤特急,各駅停車,急行,各駅停車,急行,通勤特急,各駅停車,急行,各駅停車,通勤特急,各駅停車,急行,各駅停車
,00,03,08,10,13,15,19,23,25,28,30,33,38,40,45,48,53,55
,元町・中華街,元町・中華街,元町・中華街,元町・中華街,湘南台,元町・中華街,元町・中華街,元町・中華街,元町・中華街,湘南台,元町・中華街,元町・中華街,元町・中華街,元町・中華街,元町・中華街,元町・中華街,元町・中華街,元町・中華街
,1,1,1,1,1,1,1,1,1,1,1,1,1,1,1,1,1,1
21,通勤特急,各駅停車,急行,各駅停車,急行,通勤特急,各駅停車,急行,各駅停車,通勤特急,各駅停車,急行,各駅停車,急行,通勤特急,各駅停車,急行,各駅停車
,00,03,08,10,13,15,18,23,25,30,33,38,40,43,45,48,53,55
,元町・中華街,元町・中華街,元町・中華街,元町・中華街,湘南台,元町・中華街,元町・中華街,元町・中華街,元町・中華街,元町・中華街,元町・中華街,元町・中華街,元町・中華街,湘南台,元町・中華街,元町・中華街,元町・中華街,元町・中華街
,1,1,1,1,1,1,1,1,1,1,1,1,1,1,1,1,1,1
22,通勤特急,各駅停車,各駅停車,急行,通勤特急,各駅停車,急行,各駅停車,通勤特急,各駅停車,急行,各駅停車,通勤特急,各駅停車,急行,各駅停車,急行
,00,03,10,12,15,18,22,26,30,34,38,40,44,48,52,55,57
,元町・中華街,菊名,元町・中華街,湘南台,元町・中華街,元町・中華街,元町・中華街,元町・中華街,元町・中華街,元町・中華街,元町・中華街,元町・中華街,元町・中華街,元町・中華街,元町・中華街,元町・中華街,湘南台
,1,1,1,1,1,1,1,1,1,1,1,1,1,1,1,1,1
23,通勤特急,各駅停車,各駅停車,急行,通勤特急,各駅停車,急行,各駅停車,通勤特急,各駅停車,急行,各駅停車,急行,各駅停車
,00,04,10,12,15,19,22,25,30,33,39,42,51,54
,元町・中華街,元町・中華街,元町・中華街,湘南台,元町・中華街,元町・中華街,海老名,元町・中華街,元町・中華街,元町・中華街,湘南台,元町・中華街,新横浜,元町・中華街
,1,1,1,1,1,1,1,1,1,1,1,1,1,1
0,各駅停車,各駅停車,急行,各駅停車,各駅停車,各駅停車
,02,07,11,21,32,44
,菊名,元町・中華街,海老名,横浜,菊名,元住吉
,1,1,1,1,1,1
