Aダイヤ 新宿駅 上り時刻表,
4,普通
,31
,千葉
,13
5,普通,普通,普通,普通,普通,普通,普通
,01,12,20,27,37,49,59
,千葉,千葉,千葉,千葉,千葉,千葉,千葉
,13,13,13,13,13,13,13
6,普通,普通,普通,普通,普通,普通,普通,普通,普通,普通
,07,15,22,27,32,41,46,50,55,59
,千葉,千葉,千葉,西船橋,千葉,千葉,西船橋,千葉,西船橋,千葉
,13,13,13,13,13,13,13,13,13,13
7,普通,普通,普通,普通,普通,普通,普通,普通,普通,普通,普通,普通,普通,普通,普通
,03,07,10,14,18,22,25,29,34,39,43,47,51,56,59
,西船橋,千葉,西船橋,千葉,西船橋,千葉,西船橋,千葉,西船橋,千葉,西船橋,千葉,津田沼,西船橋,千葉
,13,13,13,13,13,13,13,13,13,13,13,13,13,13,13
8,普通,普通,普通,普通,普通,普通,普通,普通,普通,普通,普通,普通,普通,普通,普通,普通,普通
,03,07,11,15,18,22,25,28,32,36,39,42,45,48,52,56,59
,西船橋,千葉,西船橋,千葉,西船橋,千葉,津田沼,千葉,西船橋,津田沼,千葉,津田沼,千葉,津田沼,千葉,津田沼,千葉
,13,13,13,13,13,13,13,13,13,13,13,13,13,13,13,13,13
9,普通,普通,普通,普通,普通,普通,普通,普通,普通,普通,普通,普通
,03,07,11,15,19,24,29,35,41,47,52,58
,津田沼,千葉,津田沼,千葉,津田沼,千葉,千葉,津田沼,千葉,津田沼,千葉,津田沼
,13,13,13,13,13,13,13,13,13,13,13,13
10,普通,普通,普通,普通,普通,普通,普通,普通,普通,普通,普通
,03,09,14,20,25,30,35,41,47,52,58
,千葉,津田沼,千葉,津田沼,千葉,津田沼,千葉,津田沼,千葉,津田沼,千葉
,13,13,13,13,13,13,13,13,13,13,13
11,普通,普通,普通,普通,普通,普通,普通,普通,普通,普通,普通
,03,09,14,20,25,31,36,42,47,53,58
,津田沼,千葉,津田沼,千葉,津田沼,千葉,津田沼,千葉,津田沼,千葉,津田沼
,13,13,13,13,13,13,13,13,13,13,13
12,普通,普通,普通,普通,普通,普通,普通,普通,普通,普通,普通
,04,09,15,20,25,31,37,42,48,53,58
,千葉,津田沼,千葉,津田沼,千葉,津田沼,千葉,津田沼,千葉,津田沼,千葉
,13,13,13,13,13,13,13,13,13,13,13
13,普通,普通,普通,普通,普通,普通,普通,普通,普通,普通,普通
,04,09,15,20,26,31,37,42,48,53,58
,津田沼,千葉,津田沼,千葉,津田沼,千葉,津田沼,千葉,津田沼,千葉,津田沼
,13,13,13,13,13,13,13,13,13,13,13
14,普通,普通,普通,普通,普通,普通,普通,普通,普通,普通,普通
,04,09,15,20,26,31,37,42,48,53,58
,千葉,津田沼,千葉,津田沼,千葉,津田沼,千葉,津田沼,千葉,津田沼,千葉
,13,13,13,13,13,13,13,13,13,13,13
15,普通,普通,普通,普通,普通,普通,普通,普通,普通,普通,普通
,04,09,15,20,26,31,37,42,47,52,57
,津田沼,千葉,千葉,津田沼,千葉,津田沼,千葉,津田沼,千葉,千葉,津田沼
,13,13,13,13,13,13,13,13,13,13,13
16,普通,普通,普通,普通,普通,普通,普通,普通,普通,普通,普通,普通,普通
,02,07,12,17,22,26,30,35,39,44,49,53,57
,千葉,津田沼,千葉,津田沼,千葉,千葉,津田沼,千葉,津田沼,千葉,西船橋,千葉,千葉
,13,13,13,13,13,13,13,13,13,13,13,13,13
17,普通,普通,普通,普通,普通,普通,普通,普通,普通,普通,普通,普通,普通,普通,普通,普通,普通
,01,06,10,15,18,21,24,28,32,35,38,42,45,48,51,54,57
,千葉,西船橋,千葉,千葉,西船橋,千葉,津田沼,西船橋,千葉,津田沼,津田沼,千葉,西船橋,千葉,千葉,津田沼,西船橋
,13,13,13,13,13,13,13,13,13,13,13,13,13,13,13,13,13
18,普通,普通,普通,普通,普通,普通,普通,普通,普通,普通,普通,普通,普通,普通,普通,普通,普通
,00,04,08,11,14,17,21,24,27,31,35,39,42,46,50,54,59
,千葉,津田沼,西船橋,千葉,千葉,津田沼,西船橋,千葉,千葉,西船橋,千葉,津田沼,千葉,千葉,津田沼,千葉,千葉
,13,13,13,13,13,13,13,13,13,13,13,13,13,13,13,13,13
19,普通,普通,普通,普通,普通,普通,普通,普通,普通,普通,普通,普通
,04,08,12,17,22,27,31,36,42,47,52,58
,津田沼,千葉,津田沼,千葉,津田沼,千葉,津田沼,千葉,千葉,千葉,津田沼,千葉
,13,13,13,13,13,13,13,13,13,13,13,13
20,普通,普通,普通,あずさ,普通,普通,普通,普通,普通,普通,普通,普通,普通,普通
,03,07,11,11,15,20,24,29,33,38,42,47,51,56
,千葉,津田沼,千葉,千葉,千葉,津田沼,千葉,津田沼,千葉,千葉,津田沼,千葉,津田沼,千葉
,13,13,13,13,13,13,13,13,13,13,13,13,13,13
21,普通,普通,普通,普通,普通,普通,普通,普通,普通,普通,普通
,01,06,11,17,22,28,33,38,44,50,56
,津田沼,千葉,千葉,津田沼,千葉,千葉,津田沼,千葉,千葉,津田沼,千葉
,13,13,13,13,13,13,13,13,13,13,13
22,普通,普通,普通,普通,普通,普通,普通,普通,普通
,03,10,16,23,29,36,43,50,58
,千葉,津田沼,千葉,津田沼,千葉,津田沼,津田沼,千葉,津田沼
,13,13,13,13,13,13,13,13,13
23,普通,普通,普通,普通,普通,普通,普通,普通
,06,14,21,28,35,42,50,57
,千葉,津田沼,津田沼,千葉,津田沼,津田沼,千葉,津田沼
,13,13,13,13,13,13,13,13
0,普通,普通,普通
,03,08,12
,津田沼,津田沼,御茶ノ水
,13,13,13
