平日ダイヤ 横浜駅 上り時刻表,,,,,,,,,,,,,,,,,,,
4,各駅停車,各駅停車,各駅停車,各駅停車,,,,,,,,,,,,,,,
,21,35,47,59,,,,,,,,,,,,,,,
,大宮,大宮,大宮,大宮,,,,,,,,,,,,,,,
,4,4,4,4,,,,,,,,,,,,,,,
5,各駅停車,各駅停車,各駅停車,各駅停車,各駅停車,各駅停車,,,,,,,,,,,,,
,14,28,34,43,47,54,,,,,,,,,,,,,
,大宮,大宮,大宮,八王子,大宮,大宮,,,,,,,,,,,,,
,4,4,4,4,4,4,,,,,,,,,,,,,
6,各駅停車,各駅停車,各駅停車,各駅停車,各駅停車,各駅停車,各駅停車,各駅停車,各駅停車,各駅停車,各駅停車,各駅停車,各駅停車,,,,,,
,02,09,12,18,25,27,32,39,43,46,50,54,56,,,,,,
,大宮,八王子,大宮,大宮,大宮,八王子,南浦和,大宮,南浦和,大宮,南浦和,大宮,八王子,,,,,,
,4,4,4,4,4,4,4,4,4,4,4,4,4,,,,,,
7,各駅停車,各駅停車,各駅停車,各駅停車,各駅停車,各駅停車,各駅停車,各駅停車,各駅停車,各駅停車,各駅停車,各駅停車,各駅停車,各駅停車,各駅停車,各駅停車,各駅停車,各駅停車,各駅停車
,02,06,08,13,16,18,21,24,27,30,33,36,39,42,44,48,51,55,59
,南浦和,大宮,大宮,大宮,大宮,八王子,大宮,赤羽,大宮,大宮,大宮,南浦和,大宮,南浦和,大宮,南浦和,大宮,大宮,八王子
,4,4,4,4,4,4,4,4,4,4,4,4,4,4,4,4,4,4,4
8,各駅停車,各駅停車,各駅停車,各駅停車,各駅停車,各駅停車,各駅停車,各駅停車,各駅停車,各駅停車,各駅停車,各駅停車,各駅停車,各駅停車,各駅停車,各駅停車,各駅停車,,
,01,04,08,10,14,17,20,22,25,28,33,36,40,43,47,51,56,,
,大宮,南浦和,赤羽,南浦和,大宮,南浦和,南浦和,橋本,赤羽,大宮,大宮,橋本,大宮,八王子,南浦和,南浦和,八王子,,
,4,4,4,4,4,4,4,4,4,4,4,4,4,4,4,4,4,,
9,各駅停車,各駅停車,各駅停車,各駅停車,各駅停車,各駅停車,各駅停車,各駅停車,各駅停車,各駅停車,各駅停車,各駅停車,快速,各駅停車,快速,,,,
,00,06,10,14,16,22,26,30,33,37,42,45,52,55,57,,,,
,南浦和,赤羽,八王子,大宮,南浦和,大宮,南浦和,八王子,大宮,南浦和,大宮,橋本,大宮,八王子,南浦和,,,,
,4,4,4,4,4,4,4,4,4,4,4,4,4,4,4,,,,
10,快速,快速,快速,快速,快速,快速,快速,各駅停車,快速,快速,快速,快速,各駅停車,快速,,,,,
,02,05,07,17,22,25,28,35,37,43,45,51,55,58,,,,,
,大宮,八王子,南浦和,南浦和,大宮,八王子,南浦和,八王子,南浦和,大宮,八王子,大宮,八王子,南浦和,,,,,
,4,4,4,4,4,4,4,4,4,4,4,4,4,4,,,,,
11,快速,快速,快速,各駅停車,快速,快速,快速,快速,各駅停車,快速,快速,快速,快速,各駅停車,快速,,,,
,02,05,12,15,19,23,25,32,35,38,43,46,53,55,58,,,,
,大宮,八王子,大宮,八王子,南浦和,大宮,八王子,大宮,八王子,南浦和,大宮,八王子,大宮,八王子,南浦和,,,,
,4,4,4,4,4,4,4,4,4,4,4,4,4,4,4,,,,
12,快速,快速,快速,各駅停車,快速,快速,快速,快速,各駅停車,快速,快速,快速,快速,各駅停車,快速,,,,
,03,05,13,15,18,23,25,33,35,38,43,45,53,55,58,,,,
,大宮,八王子,大宮,八王子,南浦和,大宮,八王子,大宮,八王子,南浦和,大宮,八王子,大宮,八王子,南浦和,,,,
,4,4,4,4,4,4,4,4,4,4,4,4,4,4,4,,,,
13,快速,快速,快速,各駅停車,快速,快速,快速,快速,各駅停車,快速,快速,快速,快速,各駅停車,快速,,,,
,03,05,13,15,18,23,25,33,35,38,43,45,52,55,58,,,,
,大宮,八王子,大宮,八王子,南浦和,大宮,八王子,大宮,八王子,南浦和,大宮,八王子,大宮,八王子,南浦和,,,,
,4,4,4,4,4,4,4,4,4,4,4,4,4,4,4,,,,
14,快速,快速,快速,各駅停車,快速,快速,快速,快速,各駅停車,快速,快速,快速,快速,各駅停車,各駅停車,,,,
,03,05,13,15,18,23,25,32,35,38,43,45,54,56,58,,,,
,大宮,八王子,大宮,八王子,南浦和,大宮,八王子,大宮,八王子,南浦和,大宮,八王子,大宮,八王子,大宮,,,,
,4,4,4,4,4,4,4,4,4,4,4,4,4,4,4,,,,
15,各駅停車,快速,各駅停車,各駅停車,各駅停車,各駅停車,快速,各駅停車,各駅停車,各駅停車,各駅停車,各駅停車,各駅停車,各駅停車,各駅停車,,,,
,03,05,12,15,19,23,25,33,35,38,43,46,54,56,58,,,,
,南浦和,八王子,大宮,八王子,大宮,大宮,八王子,大宮,八王子,大宮,大宮,八王子,大宮,八王子,大宮,,,,
,4,4,4,4,4,4,4,4,4,4,4,4,4,4,4,,,,
16,各駅停車,各駅停車,各駅停車,各駅停車,各駅停車,各駅停車,各駅停車,各駅停車,各駅停車,各駅停車,各駅停車,各駅停車,各駅停車,各駅停車,,,,,
,03,05,13,16,18,23,26,30,36,38,43,47,52,59,,,,,
,大宮,八王子,大宮,大宮,八王子,大宮,八王子,大宮,八王子,大宮,大宮,大宮,南浦和,南浦和,,,,,
,4,4,4,4,4,4,4,4,4,4,4,4,4,4,,,,,
17,各駅停車,各駅停車,各駅停車,各駅停車,各駅停車,各駅停車,各駅停車,各駅停車,各駅停車,各駅停車,各駅停車,各駅停車,各駅停車,各駅停車,各駅停車,各駅停車,各駅停車,,
,01,03,09,12,15,17,20,26,30,35,38,40,44,47,51,56,59,,
,八王子,大宮,大宮,大宮,大宮,八王子,大宮,大宮,八王子,大宮,南浦和,大宮,八王子,大宮,八王子,南浦和,大宮,,
,4,4,4,4,4,4,4,4,4,4,4,4,4,4,4,4,4,,
18,各駅停車,各駅停車,各駅停車,各駅停車,各駅停車,各駅停車,各駅停車,各駅停車,各駅停車,各駅停車,各駅停車,各駅停車,各駅停車,各駅停車,各駅停車,各駅停車,,,
,02,04,07,13,16,18,21,24,28,32,35,39,42,45,52,58,,,
,大宮,八王子,大宮,大宮,南浦和,大宮,大宮,南浦和,大宮,大宮,大宮,南浦和,大宮,橋本,大宮,南浦和,,,
,4,4,4,4,4,4,4,4,4,4,4,4,4,4,4,4,,,
19,各駅停車,各駅停車,各駅停車,各駅停車,各駅停車,各駅停車,各駅停車,各駅停車,各駅停車,各駅停車,各駅停車,各駅停車,各駅停車,各駅停車,,,,,
,04,07,12,17,21,25,28,32,36,44,46,49,53,58,,,,,
,大宮,大宮,大宮,南浦和,大宮,大宮,橋本,南浦和,大宮,大宮,南浦和,八王子,大宮,大宮,,,,,
,4,4,4,4,4,4,4,4,4,4,4,4,4,4,,,,,
20,各駅停車,各駅停車,各駅停車,各駅停車,各駅停車,各駅停車,各駅停車,各駅停車,各駅停車,各駅停車,各駅停車,各駅停車,各駅停車,各駅停車,各駅停車,,,,
,02,07,11,15,18,20,23,27,32,35,38,43,48,52,55,,,,
,南浦和,大宮,八王子,大宮,南浦和,橋本,大宮,南浦和,大宮,八王子,大宮,大宮,大宮,八王子,大宮,,,,
,4,4,4,4,4,4,4,4,4,4,4,4,4,4,4,,,,
21,各駅停車,各駅停車,各駅停車,各駅停車,各駅停車,各駅停車,各駅停車,各駅停車,各駅停車,各駅停車,各駅停車,各駅停車,各駅停車,,,,,,
,04,08,13,19,22,25,29,34,38,40,43,47,53,,,,,,
,大宮,南浦和,大宮,大宮,南浦和,八王子,大宮,大宮,南浦和,八王子,大宮,大宮,南浦和,,,,,,
,4,4,4,4,4,4,4,4,4,4,4,4,4,,,,,,
22,各駅停車,各駅停車,各駅停車,各駅停車,各駅停車,各駅停車,各駅停車,各駅停車,各駅停車,各駅停車,各駅停車,各駅停車,,,,,,,
,00,03,06,13,18,22,24,33,37,43,48,53,,,,,,,
,大宮,大宮,八王子,大宮,大宮,八王子,大宮,大宮,大宮,大宮,南浦和,大宮,,,,,,,
,4,4,4,4,4,4,4,4,4,4,4,4,,,,,,,
23,各駅停車,各駅停車,各駅停車,各駅停車,各駅停車,各駅停車,各駅停車,各駅停車,,,,,,,,,,,
,00,06,13,18,22,26,29,41,,,,,,,,,,,
,南浦和,大宮,南浦和,大宮,南浦和,八王子,南浦和,南浦和,,,,,,,,,,,
,4,4,4,4,4,4,4,4,,,,,,,,,,,
0,各駅停車,各駅停車,,,,,,,,,,,,,,,,,
,00,19,,,,,,,,,,,,,,,,,
,上野,蒲田,,,,,,,,,,,,,,,,,
,4,4,,,,,,,,,,,,,,,,,
